Major,Class Name,Class Code,Instructor,Location,Days & Times
Accounting,ACCT  204 - Principles of Financial Accounting,43050,Alan Styles,Markstein Hall 101,We 4:30PM - 6:20PM
Accounting,ACCT  301 - Intermediate Accounting I,41836,Alan Styles,Markstein Hall 101,TuTh 1:00PM - 2:50PM
Accounting,ACCT  302 - Intermediate Accounting II,41710,Alan Styles,Markstein Hall 101,We 12:30PM - 2:20PM
Accounting,ACCT  306 - Cost Accounting,41707,Claude Ognibene,Markstein Hall 101,MoWe 6:30PM - 8:20PM
Accounting,ACCT  307 - Tax Accounting,41708,Katherine Yan,Markstein Hall 101,MoWe 10:30AM - 12:20PM
Accounting,ACCT  308 - Accounting Information and Systems,41705,Yushi Tian,Markstein Hall 101,MoWe 8:30AM - 10:20AM
Accounting,ACCT  416 - Auditing,41706,Benjamin Hubbard,Markstein Hall 101,TuTh 3:00PM - 4:50PM
Accounting,ACCT  424 - Accounting Ethics,41711,Marco Casalins,Kellogg Library 5102,Tu 7:00PM - 9:50PM
Accounting,ACCT  601 - Principles of Accounting for Managers,43327,Benjamin Hubbard,Markstein Hall 104,Mo 5:30PM - 8:15PM
Arabic,ARAB  101 - Beginning Arabic I,41283,Fatim-Zahra Samir,Markstein Hall 213,MoWe 5:30PM - 6:45PM
Arabic,ARAB  102 - Beginning Arabic II,43973,Fatim-Zahra Samir,Academic Hall 315,TuTh 10:30AM - 11:45AM
Art Media and Design,AMD  105 - Digital Photography,41557,Nancy diBenedetto,Arts Building 239,Mo 2:30PM - 4:20PM
Art Media and Design,AMD  105 - Digital Photography,41558,Nancy diBenedetto,Arts Building 239,Mo 4:30PM - 6:20PM
Art Media and Design,AMD  340 - Museum and Curatorial Practice,44112,Tatiana Sizonenko,Arts Building 220,Fr 12:30PM - 3:20PM
Biological Sciences,BIOL  101 - Welcome to Biological Sciences,44218,James Jancovich,Soc & Behavioral Sci Bldg 2111,Fr 10:30AM - 11:20AM
Biological Sciences,BIOL  210 - Introduction to Cellular and Molecular Biology,42130,Sujal Phadke,Kellogg Library 1111,TuTh 4:00PM - 5:15PM
Biological Sciences,BIOL  210 - Introduction to Cellular and Molecular Biology,42450,Sujal Phadke,Science Hall II 157,We 9:30AM - 12:20PM
Biological Sciences,BIOL  210 - Introduction to Cellular and Molecular Biology,42451,Khoosheh Gosink,Science Hall II 157,Th 9:30AM - 12:20PM
Biological Sciences,BIOL  210 - Introduction to Cellular and Molecular Biology,42174,Patricia Byrne,Soc & Behavioral Sci Bldg 2111,TuTh 9:00AM - 10:15AM
Biological Sciences,BIOL  210 - Introduction to Cellular and Molecular Biology,42589,Khoosheh Gosink,Science Hall II 157,Th 2:00PM - 4:50PM
Biological Sciences,BIOL  210A - Cellular and Molecular Biology Tutorial,42452,Jane Kim,Science Hall II 157,Tu 8:30AM - 9:20AM
Biological Sciences,BIOL  210A - Cellular and Molecular Biology Tutorial,42590,Sujal Phadke,Science Hall II 157,We 1:00PM - 1:50PM
Biological Sciences,BIOL  210A - Cellular and Molecular Biology Tutorial,42861,Khoosheh Gosink,Science Hall II 157,Th 1:00PM - 1:50PM
Biological Sciences,BIOL  211A - Organismal and Population Biology Tutorial,42863,Diana Garcia Montiel,Science Hall 212,Fr 1:00PM - 1:50PM
Biological Sciences,BIOL  211A - Organismal and Population Biology Tutorial,42625,John Eme,Science Hall 212,We 8:00AM - 8:50AM
Biological Sciences,BIOL  211A - Organismal and Population Biology Tutorial,42627,Erika Diaz Almeyda,Science Hall 212,Fr 8:00AM - 8:50AM
Biological Sciences,BIOL  211A - Organismal and Population Biology Tutorial,42784,Diana Garcia Montiel,Science Hall 212,Mo 1:00PM - 1:50PM
Biological Sciences,BIOL  215 - Experimental Design and Statistical Analysis,44220,James Jancovich,Synchronous Virtual Instr,TuTh 9:00AM - 10:50AM
Biological Sciences,BIOL  360 - Pedagogy and Learning in Biology,42868,Suzanne Hizer,Viasat Engineering Pav 5107,Mo 5:30PM - 7:20PM
Biological Sciences,BIOL  488 - Seminar in Biomedical Research,42666,Denise Garcia,Arts Building 240,Fr 12:30PM - 3:20PM
Biological Sciences,BIOL  522 - Biological Oceanography,42980,Darcy Taniguchi,University Hall 441,TuTh 1:00PM - 2:15PM
Biological Sciences,BIOL  536 - Biogeochemical Cycles and Global Change,42981,George Vourlitis,Academic Hall 408,MoWe 4:00PM - 5:15PM
Biological Sciences,BIOL  563 - Seminar in Physiology,42092,Casey Mueller,Science Hall II 243,Fr 9:30AM - 12:20PM
Biological Sciences,BIOL  575 - Salt and Water Balance Physiology,42983,Dennis Kolosov,University Hall 440,TuTh 9:00AM - 10:15AM
Biological Sciences,BIOL  600 - Scientific Communication,41885,Julie Jameson,Academic Hall 402,Mo 9:30AM - 12:20PM
Border & Reg. Studies,BRS  300 - Borders: Interdisciplinary Perspectives,43168,Rich Schultz,Soc & Behavioral Sci Bldg 1105,TuTh 5:30PM - 6:45PM
Business Administration,BUS  204 - Business Statistics,41719,Matthew Tasooji,Markstein Hall 304,We 7:30AM - 10:20AM
Business Administration,BUS  322 - Introduction to Data Analytics,41721,Bill Burns,Markstein Hall 305,We 8:30AM - 10:20AM
Business Administration,BUS  322 - Introduction to Data Analytics,41858,Maryam Hassanlou,Markstein Hall 305,Fr 10:30AM - 12:20PM
Business Administration,BUS  322 - Introduction to Data Analytics,43126,To be Announced,Mt San Jacinto College 219,We 12:30PM - 2:20PM
Business Administration,BUS  442 - Business Strategy,44098,Alan Lerchbacker,Kellogg Library 5102,We 12:30PM - 2:20PM
Business Administration,BUS  495 - Senior Experience,40157,Roger Herzler,Synchronous Virtual Instr,Th 5:00PM - 8:50PM
Business Administration,BUS  495 - Senior Experience,40106,Roger Herzler,Synchronous Virtual Instr,Fr 2:30PM - 6:20PM
Business Administration - MBA,BA   71 - Workshops,41703,To be Announced,Markstein Hall 104,Sa 12:30PM - 3:15PM | Sa 9:00AM - 11:45AM
Business Administration - MBA,BA  601 - MBA Bridge,43242,Mohammad Oskoorouchi | Catalin Ratiu | David Grooms | Melissa Simnitt,Markstein Hall 104,MoTuWeTh 5:30PM - 8:15PM
Business Administration - MBA,BA  602 - Statistics for Business Decisions,43243,Mohammad Oskoorouchi,Markstein Hall 104,MoWe 5:30PM - 8:15PM
Business Administration - MBA,BA  611 - Financial Accounting,41695,David DeBoskey | Marco Casalins,Markstein Hall 104 | Synchronous Virtual Instr,Sa 9:00AM - 11:45AM | Sa 12:30PM - 3:15PM | We 7:00PM - 9:45PM
Business Administration - MBA,BA  625 - Business Analytics,41698,Bill Burns,Markstein Hall 103,Sa 9:00AM - 11:45AM | Sa 12:30PM - 3:15PM
Business Administration - MBA,BA  626 - Financial Decision Making,41696,Shawn Park,Markstein Hall 104 | Synchronous Virtual Instr,Sa 9:00AM - 11:45AM | Sa 12:30PM - 3:15PM | We 7:00PM - 9:45PM
Business Administration - MBA,BA  630 - Marketing Management,41697,Paul Barton,Markstein Hall 104 | Asynchronous Virtual Instr,Sa 9:00AM - 11:45AM | Sa 12:30PM - 3:15PM | We 7:00PM - 9:45PM
Business Administration - MBA,BA  635 - Information Technologies and Management,41699,To be Announced,Markstein Hall 103,Sa 12:30PM - 3:15PM | Sa 9:00AM - 11:45AM
Business Administration - MBA,BA  671 - Essential Knowledge and Critical Skills Workshops,41701,Mohammad Oskoorouchi,Markstein Hall 103,Sa 9:00AM - 11:45AM | Sa 12:30PM - 3:15PM
Business Administration - MBA,BA  680 - Master&#039;s Project,41700,Roger Herzler,Markstein Hall 310,We 7:00PM - 9:45PM
Chemistry,CHEM  101 - Preparatory Chemistry,42447,Alexander Buyanin,Soc & Behavioral Sci Bldg 1103,MoWeFr 8:30AM - 9:20AM
Chemistry,CHEM  150 - General Chemistry l,42696,Alfred Aberle,Academic Hall 305,MoWeFr 8:30AM - 9:20AM
Chemistry,CHEM  150 - General Chemistry l,42699,Alfred Aberle,Academic Hall 315,Mo 1:30PM - 2:20PM
Chemistry,CHEM  150 - General Chemistry l,42701,Alfred Aberle,Academic Hall 315,Mo 3:30PM - 4:20PM
Chemistry,CHEM  150 - General Chemistry l,42702,Sajith Jayasinghe,Science Hall II 242,MoWeFr 9:30AM - 10:20AM
Chemistry,CHEM  150 - General Chemistry l,42704,Sajith Jayasinghe,Soc & Behavioral Sci Bldg 2101,We 2:30PM - 3:20PM
Chemistry,CHEM  150 - General Chemistry l,42705,Wei Hao Huang,Academic Hall 304,MoWeFr 10:30AM - 11:20AM
Chemistry,CHEM  150 - General Chemistry l,42707,Wei Hao Huang,Soc & Behavioral Sci Bldg 2101,Mo 2:30PM - 3:20PM
Chemistry,CHEM  150 - General Chemistry l,42708,Wei Hao Huang,University Hall 271,Mo 3:30PM - 4:20PM
Chemistry,CHEM  150 - General Chemistry l,42712,Jackaline Julien,Soc & Behavioral Sci Bldg 2140,We 3:30PM - 4:20PM
Chemistry,CHEM  150 - General Chemistry l,42713,Wei Hao Huang,Science Hall II 242,MoWeFr 7:30AM - 8:20AM
Chemistry,CHEM  150 - General Chemistry l,42714,Wei Hao Huang,Soc & Bhvrl Sci Bldg 3125 Lect,Fr 12:30PM - 1:20PM
Chemistry,CHEM  150 - General Chemistry l,42715,Wei Hao Huang,Soc & Behavioral Sci Bldg 1101,Fr 1:30PM - 2:20PM
Chemistry,CHEM  150 - General Chemistry l,42716,Wei Hao Huang,Science Hall II 243,Fr 2:30PM - 3:20PM
Chemistry,CHEM  160 - General Chemistry II,42448,Wei Hao Huang,Science Hall II 243,MoWeFr 8:30AM - 9:20AM
Chemistry,CHEM  160 - General Chemistry II,42449,Haleh Keshtkar,Soc & Behavioral Sci Bldg 2111,MoWeFr 1:30PM - 2:20PM
Chemistry,CHEM  160 - General Chemistry II,42551,Alexander Buyanin,Soc & Behavioral Sci Bldg 2111,MoWeFr 11:30AM - 12:20PM
Chemistry,CHEM  162 - Enhanced General Chemistry II,42455,Alexander Buyanin,Soc & Behavioral Sci Bldg 2111,MoWeFr 9:30AM - 10:20AM
Chemistry,CHEM  162 - Enhanced General Chemistry II,42457,Alexander Buyanin,Science Hall II 243,Fr 1:30PM - 2:20PM
Chemistry,CHEM  201 - Organic Chemistry,42296,Jackaline Julien,Soc & Behavioral Sci Bldg 2111,MoWeFr 8:30AM - 9:20AM
Chemistry,CHEM  201 - Organic Chemistry,42297,Jackaline Julien,Soc & Behavioral Sci Bldg 1103,MoWeFr 9:30AM - 10:20AM
Chemistry,CHEM  201L - Organic Chemistry Laboratory,42270,Selakilli Thiyagarajah,Science Hall II 351,Sa 9:00AM - 2:45PM
Chemistry,CHEM  202 - Organic Chemistry,43478,Jesus Cordova,Extended Lrn Bldg 370,Tu 5:30PM - 8:20PM
Chemistry,CHEM  202L - Organic Chemistry Laboratory,43480,Reinaldo Compagnone,Science Hall 110,Fr 5:30PM - 10:15PM
Chemistry,CHEM  311 - Chemicals and the Environment,42238,Selakilli Thiyagarajah,Academic Hall 305,Mo 11:30AM - 2:20PM
Chemistry,CHEM  316 - Chocolate: A Chemical Investigation,42253,Robyn Araiza,Academic Hall 304,TuTh 2:30PM - 3:45PM
Chemistry,CHEM  341 - General Biochemistry,43479,Kambiz Hamadani,Extended Learning Building 431,We 5:30PM - 8:20PM
Chemistry,CHEM  401 - Physical Chemistry --- Classical,43042,Afra Panahi,Science Hall II 243,MoWeFr 12:30PM - 1:20PM
Chemistry,CHEM  401 - Physical Chemistry --- Classical,43137,Afra Panahi,Science Hall II 243,We 1:30PM - 2:20PM
Chemistry,CHEM  402 - Physical Chemistry --- Quantum,44152,Paul Jasien,Synchronous Virtual Instr | University Hall 441,We 10:30AM - 11:20AM | MoFr 10:30AM - 11:20AM
Chemistry,CHEM  416 - Instrumental Methods of Analysis - Separations and Structure,42726,Ezequiel Vidal,Kellogg Library 1104,MoWeFr 9:30AM - 10:20AM
Chemistry,CHEM  416 - Instrumental Methods of Analysis - Separations and Structure,42727,Ezequiel Vidal,Science Hall 111,Mo 12:30PM - 5:15PM
Chemistry,CHEM  416 - Instrumental Methods of Analysis - Separations and Structure,42728,Alexander Estrada,Science Hall 111,Tu 12:30PM - 5:15PM
Chemistry,CHEM  491-6 - ST: Python for Biochemistry and Chemistry,44136,Sajith Jayasinghe,Synchronous Virtual Instr | Academic Hall 315,Th 3:00PM - 4:50PM
Chemistry,CHEM  493-2 - ST: Green Chemistry,43959,Haleh Keshtkar,Soc & Behavioral Sci Bldg 4119,MoWe 4:00PM - 5:15PM
Chemistry,CHEM  502 - Advanced Organic Synthesis,43232,Robert Iafe,Soc & Bhvrl Sci Bldg 3125 Lect,MoWe 5:30PM - 6:45PM
Chemistry,CHEM  532 - Medicinal Chemistry,43233,Moorthy Palanki,Academic Hall 404,Tu 5:00PM - 6:50PM
Chemistry,CHEM  690 - Graduate Student Seminar in Chemistry and Biochemistry,41957,Jesus Cordova,Soc & Bhvrl Sci Bldg 3125 Lect,Th 5:00PM - 5:50PM
Chemistry,CHEM  691 - Graduate Student Colloquium in Chemistry and Biochemistry,43234,Jesus Cordova,Soc & Bhvrl Sci Bldg 3125 Lect,Th 5:00PM - 5:50PM
Child and Adolescent Developme,CHAD  370 - Risk and Resiliency in Childhood and Adolescence,43103,Janice Phung,Soc & Behavioral Sci Bldg 3127,Mo 2:30PM - 5:20PM
Child and Adolescent Developme,CHAD  491 - Children | Adolescents | and Social Policy,43066,Aleksandria Grabow,Academic Hall 411B,Tu 1:00PM - 3:50PM
Child and Adolescent Developme,CHAD  491 - Children | Adolescents | and Social Policy,43104,Aleksandria Grabow,Soc & Behavioral Sci Bldg 3127,Tu 4:00PM - 6:50PM
Child and Adolescent Developme,CHAD  496 - Observation and Assessment Laboratory in Child and Adolescent Development,43069,Allison Jobin,Soc & Behavioral Sci Bldg 1101,Tu 9:00AM - 11:50AM
Child and Adolescent Developme,CHAD  496 - Observation and Assessment Laboratory in Child and Adolescent Development,43099,Yu Zhang,Soc & Behavioral Sci Bldg 1101,We 8:30AM - 11:20AM
Child and Adolescent Developme,CHAD  496 - Observation and Assessment Laboratory in Child and Adolescent Development,43101,Yu Zhang,Soc & Behavioral Sci Bldg 1101,Th 9:00AM - 11:50AM
Communication,COMM  390 - Research Methods and Design,41593,Katherine Brown,University Hall 443,MoWe 2:30PM - 3:45PM
Communication,COMM  444 - Narratives in Organizations,41510,Katherine Brown,University Hall 443,Mo 11:30AM - 2:20PM
Computer Information Systems,CIS  100 - Introduction to Computer Information Systems,42847,Jing Hou,Markstein Hall 309,Tu 10:00AM - 10:50AM
Computer Science,CS  111 - Computer Science I,42599,Youwen Ouyang,Viasat Engineering Pav 5101,MoWeFr 10:30AM - 11:20AM
Computer Science,CS  111 - Computer Science I,42848,Youwen Ouyang,Academic Hall 206,MoWeFr 12:30PM - 1:20PM
Computer Science,CS  111 - Computer Science I,42601,Michael Tutberidze,Viasat Engineering Pav 5101,TuTh 7:30AM - 8:45AM
Computer Science,CS  111 - Computer Science I,42602,Kazumi Slott,Science Hall II 302,TuTh 10:30AM - 11:45AM
Computer Science,CS  111 - Computer Science I,42603,Kazumi Slott,Science Hall II 302,TuTh 1:00PM - 2:15PM
Computer Science,CS  111 - Computer Science I,42604,Kazumi Slott,Viasat Engineering Pav 5101,MoWeFr 9:30AM - 10:20AM
Computer Science,CS  111 - Computer Science I,42605,Kazumi Slott,Science Hall II 302,MoWeFr 10:30AM - 11:20AM
Computer Science,CS  111 - Computer Science I,42606,Kazumi Slott,Science Hall II 302,MoWeFr 11:30AM - 12:20PM
Computer Science,CS  111 - Computer Science I,42607,Lanier Castillo,Viasat Engineering Pav 5101,MoWeFr 8:30AM - 9:20AM
Computer Science,CS  111 - Computer Science I,42609,Lanier Castillo,Science Hall II 302,MoWeFr 9:30AM - 10:20AM
Computer Science,CS  201 - Introduction to Data Science for Social Scientists,42773,Youwen Ouyang,University Hall 272,MoWe 2:30PM - 3:45PM
Computer Science,CS  211 - Computer Science II,42614,Rika Yoshii,Viasat Engineering Pav 5101,TuTh 10:30AM - 11:45AM
Computer Science,CS  211 - Computer Science II,42616,Michael Tutberidze,University Hall 272,TuTh 1:00PM - 2:15PM
Computer Science,CS  211 - Computer Science II,42617,Michael Tutberidze,Viasat Engineering Pav 5107,TuTh 5:30PM - 6:45PM
Computer Science,CS  211 - Computer Science II,42618,Lanier Castillo,Viasat Engineering Pav 5101,MoWeFr 11:30AM - 12:20PM
Computer Science,CS  211 - Computer Science II,42620,Lanier Castillo,University Hall 272,MoWeFr 12:30PM - 1:20PM
Computer Science,CS  231 - Assembly Language and Digital Circuits,42339,Sahar Mosleh,Viasat Engineering Pav 5101,MoWeFr 12:30PM - 1:20PM
Computer Science,CS  231 - Assembly Language and Digital Circuits,42340,Sahar Mosleh,Science Hall II 302,MoWe 4:00PM - 5:15PM
Computer Science,CS  231 - Assembly Language and Digital Circuits,42346,Sahar Mosleh,Science Hall II 302,MoWe 5:30PM - 6:45PM
Computer Science,CS  321 - Programming For Data Science,42853,Sreedevi Gutta,Academic Hall 206,MoWeFr 10:30AM - 11:20AM
Computer Science,CS  331 - Computer Architecture,44123,Marcus Chen,Markstein Hall 102,TuTh 5:30PM - 6:45PM
Computer Science,CS  370 - Introduction to Software Engineering,42789,Yang Yue,Academic Hall 205,MoWe 11:30AM - 12:20PM
Computer Science,CS  370 - Introduction to Software Engineering,42790,Yang Yue,University Hall 272,MoWe 5:30PM - 6:45PM
Computer Science,CS  500 - Research Preparation in Computer Science,42068,Md Lutfor Rahman,Academic Hall 405,Mo 11:30AM - 12:20PM
Computer Science,CS  512 - Introduction to Data Mining,42076,Ahmad Hadaegh,Academic Hall 209,MoWe 5:30PM - 6:45PM
Computer Science,CS  537 - Data Communication and Computer Networks,41968,Nahid Ebrahimi Majd,Academic Hall 206,TuTh 9:00AM - 10:15AM
Computer Science,CS  542 - Design Patterns and Object-Oriented Analysis,41969,Yongjie Zheng,University Hall 272,TuTh 2:30PM - 3:45PM
Computer Science,CS  650 - Usable Security and Privacy,42859,Md Lutfor Rahman,Markstein Hall 208,MoWeFr 10:30AM - 11:20AM
Dance,DNCE  101 - Introduction to Dance,43730,Cuauhtemoc Peranda,Arts Building 101,Mo 4:00PM - 6:50PM
Dance,DNCE  311 - Movement Improvisation,41197,Nhu Nguyen,Arts Building 101,TuTh 10:00AM - 10:50AM
Dance,DNCE  311 - Movement Improvisation,41198,Nhu Nguyen,Arts Building 101,TuTh 11:00AM - 11:50AM
Economics,ECON  202 - Principles of Macroeconomics,40604,Tahmina Morshed,Kellogg Library 1111,Fr 11:30AM - 2:20PM
Economics,ECON  301 - Intermediate Microeconomic Theory I,41425,Quinn Keefer,Soc & Behavioral Sci Bldg 2140,Mo 4:00PM - 6:50PM
Economics,ECON  302 - Intermediate Macroeconomic Theory,40605,Roger Arnold,Soc & Behavioral Sci Bldg 2140,Fr 9:30AM - 12:20PM
Economics,ECON  325 - Economics of the Environment and Natural Resources,41309,Robert Brown,Soc & Behavioral Sci Bldg 2140,We 9:30AM - 12:20PM
Economics,ECON  420 - Urban and Regional Economics,43864,Erica Freer,University Hall 440,TuTh 10:30AM - 11:45AM
Economics,ECON  441 - International Economics: Trade,43862,Ranjeeta Basu,Soc & Behavioral Sci Bldg 2140,TuTh 5:30PM - 6:45PM
Economics,ECON  471 - Econometrics,41426,Kaitlyn Woltz,Academic Hall 405,Tu 1:00PM - 3:50PM
Economics,ECON  471 - Econometrics,41427,Kaitlyn Woltz,Academic Hall 209,Th 2:00PM - 3:50PM
Educ Mult Subj Except Learners,EDMX  575 - Education Specialist - Transition Development Plan Seminar,40207,Shannon McAndrews,Synchronous Virtual Instr,Th 5:00PM - 6:50PM
Educ Mult Subj Except Learners,EDMX  627 - Assessment for Planning and Instruction,40259,Jodi Robledo,University Hall 444,We 5:30PM - 8:20PM
Educ Mult Subj Except Learners,EDMX  631 - Foundations in Law | Ethics | and Procedures of Special Education,40208,Jodi Robledo,University Hall 444,Mo 5:30PM - 8:20PM
Education,EDUC  364 - The Role of Cultural Diversity in Schooling,40397,Suzi Van Steenbergen,Markstein Hall 310,Mo 5:30PM - 8:20PM
Education,EDUC  364 - The Role of Cultural Diversity in Schooling,43602,Grace McField,Synchronous Virtual Instr,Th 5:30PM - 8:20PM
Education,EDUC  380 - Applied Child and Youth Development,43241,Jon Centofranchi,Markstein Hall 208,MoWe 9:00AM - 10:15AM
Education,EDUC  622 - Research Methods in Education,43928,Rebecca Brooks,Synchronous Virtual Instr,We 5:30PM - 8:20PM
Education,EDUC  653 - Biliteracy Education I: Contexts for Learning,40230,Ana Hernandez,Synchronous Virtual Instr,Mo 5:30PM - 8:20PM
Education,EDUC  653 - Biliteracy Education I: Contexts for Learning,40235,Ana Hernandez,Synchronous Virtual Instr,We 5:30PM - 8:20PM
Education Math and Science,EDST  450 - Undergraduate Mathematics and Science Teaching and Learning | Theory and Practice,40493,Debbie DeRoma,Markstein Hall 208,Tu 5:30PM - 6:20PM
Education Multiple Subject,EDMS  511 - Elementary Teaching and Learning I,40239,Julie Harris Neiger,University Hall 444,Tu 9:00AM - 11:50AM
Education Multiple Subject,EDMS  511 - Elementary Teaching and Learning I,40240,Julie Harris Neiger,University Hall 444,Mo 1:00PM - 3:50PM
Education Multiple Subject,EDMS  511 - Elementary Teaching and Learning I,40251,Cassiopeia Guthrie,Mt San Jacinto College 219,Mo 9:00AM - 11:50AM
Education Multiple Subject,EDMS  521 - Elementary Literacy I,40241,Elizabeth Garza,Synchronous Virtual Instr,Mo 1:00PM - 3:50PM
Education Multiple Subject,EDMS  521 - Elementary Literacy I,40242,Elizabeth Garza,Synchronous Virtual Instr,Tu 9:00AM - 11:50AM
Education Multiple Subject,EDMS  521 - Elementary Literacy I,40252,Christiane Wood,Synchronous Virtual Instr,Tu 1:00PM - 3:50PM
Education Multiple Subject,EDMS  543 - Elementary Mathematics Education,40243,Rong-Ji Chen,University Hall 444,Tu 1:00PM - 3:50PM
Education Multiple Subject,EDMS  543 - Elementary Mathematics Education,40244,Rong-Ji Chen,University Hall 444,Mo 9:00AM - 11:50AM
Education Multiple Subject,EDMS  543 - Elementary Mathematics Education,40248,Tammy Foster,Mt San Jacinto College 219,Mo 1:00PM - 3:50PM
Education Multiple Subject,EDMS  555 - Elementary Multilingual Education,40245,Elsie Solis,Synchronous Virtual Instr,Mo 9:00AM - 11:50AM
Education Multiple Subject,EDMS  555 - Elementary Multilingual Education,40253,Suzi Van Steenbergen,Synchronous Virtual Instr,Tu 1:00PM - 3:50PM
Education Multiple Subject,EDMS  555 - Elementary Multilingual Education,40288,Suzi Van Steenbergen,Synchronous Virtual Instr,Tu 9:00AM - 11:50AM
Educational Leadership,EDLD  720 - Leadership for Organizational Change,40229,Manuel Vargas,University Hall 444,Sa 9:00AM - 4:00PM
Educational Leadership,EDLD  730 - Leadership for the Future,40232,Audrey Paredes,University Hall 444,Tu 6:00PM - 9:50PM
Educational Leadership,EDLD  740B - Advanced Topics in Leadership,40233,Manuel Vargas,University Hall 441,Sa 9:00AM - 4:00PM | Tu 6:00PM - 8:50PM
Electrical Engineering,EE  110 - Electrical Engineering Clinic I,42565,Louis Rey,Viasat Engineering Pav 5109,Fr 4:00PM - 6:50PM
Electrical Engineering,EE  110 - Electrical Engineering Clinic I,42956,Louis Rey,Viasat Engineering Pav 5109,We 4:00PM - 6:50PM
Electrical Engineering,EE  210 - Electrical Engineering Clinic II,42689,Clifton Phillips,Viasat Engineering Pav 5109,Fr 9:30AM - 12:20PM
Electrical Engineering,EE  210 - Electrical Engineering Clinic II,42690,Clifton Phillips,Viasat Engineering Pav 5109,Fr 1:00PM - 3:50PM
Electrical Engineering,EE  210 - Electrical Engineering Clinic II,42737,Azadeh Zekri Esfahani,Viasat Engineering Pav 5109,Mo 4:00PM - 6:50PM
Electrical Engineering,EE  280 - Introduction to Circuit Analysis,42477,Claudia Torres Garibay,Academic Hall 405,Th 4:00PM - 5:50PM
Electrical Engineering,EE  280 - Introduction to Circuit Analysis,42478,Claudia Torres Garibay,Viasat Engineering Pav 5105,Tu 3:00PM - 5:50PM
Electrical Engineering,EE  301 - Digital Systems Design with HDL,42691,Justin Morris,Markstein Hall 211,MoWeFr 9:30AM - 10:20AM
Electrical Engineering,EE  301 - Digital Systems Design with HDL,42692,To be Announced,Viasat Engineering Pav 5105,We 4:30PM - 7:20PM
Electrical Engineering,EE  301 - Digital Systems Design with HDL,42963,To be Announced,Viasat Engineering Pav 5105,Th 4:00PM - 6:50PM
Electrical Engineering,EE  301 - Digital Systems Design with HDL,42802,Mark Oberman,ACD 204,MoWe 9:30AM - 10:45AM
Electrical Engineering,EE  301 - Digital Systems Design with HDL,42803,Mark Oberman,Viasat Engineering Pav 5105,Mo 4:30PM - 7:20PM
Electrical Engineering,EE  303 - Signals and Systems,42693,Soudeh Khoubrouy,University Hall 271,TuTh 2:30PM - 3:45PM
Electrical Engineering,EE  310 - Electric Power and Energy Conversion,42514,Hamed Nademi,Viasat Engineering Pav 5109,Tu 8:00AM - 9:50AM
Electrical Engineering,EE  310 - Electric Power and Energy Conversion,42517,Hamed Nademi,Viasat Engineering Pav 5109,Th 8:00AM - 10:50AM
Electrical Engineering,EE  402 - Microcontroller Systems and Computer Interfacing,42694,Mark Oberman,Science Hall II 251,Mo 1:00PM - 3:50PM
Electrical Engineering,EE  402 - Microcontroller Systems and Computer Interfacing,42695,Mark Oberman,Science Hall II 251,We 1:00PM - 3:50PM
Electrical Engineering,EE  435 - Communication Systems and Circuits,42985,To be Announced,Science Hall II 243,Mo 9:30AM - 12:20PM
Electrical Engineering,EE  435 - Communication Systems and Circuits,42987,Jerald Pinter,Viasat Engineering Pav 5109,Th 1:00PM - 3:50PM
Entrepreneurship,ENTR  321 - New Venture Creation,43817,William Byun,Markstein Hall 105,Fr 8:30AM - 12:20PM
Environmental Studies,ENVS  309 - Introduction to Environmental Policy,43838,Shannon Swanson,Soc & Behavioral Sci Bldg 1102,TuTh 2:30PM - 3:45PM
Environmental Studies,ENVS  495C - Internship in Environmental Studies,41677,Gabriel Valle,Soc & Behavioral Sci Bldg1108G,Fr 11:30AM - 2:20PM
Finance,FIN  302 - Foundations of Finance,41739,To be Announced,Markstein Hall 125,Tu 1:00PM - 2:50PM
Finance,FIN  302 - Foundations of Finance,42837,Jedediah Baker,Arts Building 240,We 7:30PM - 9:20PM
Finance,FIN  304 - Introduction to Corporate Finance,41745,Qi Sun,Markstein Hall 101,TuTh 8:00AM - 9:50AM
Finance,FIN  331 - Financial Markets and Institutions,43994,To be Announced,Kellogg Library 5102,TuTh 8:00AM - 9:50AM
Finance,FIN  601 - Foundations of Finance,43328,Dongnyoung Kim,Markstein Hall 104,We 5:30PM - 8:15PM
French,FREN  101 - Beginning French I,40618,Fatim-Zahra Samir,Markstein Hall 213,TuTh 2:30PM - 3:45PM
French,FREN  312 - French Composition and Advanced Oral Practice,43974,Carol Cujec,Markstein Hall 209,MoWeFr 11:30AM - 12:20PM
GE Science,GES  101 - Matter | Molecules | and the Environment (Physical Science),42989,Traci Jackson,Science Hall II 242,TuTh 2:30PM - 3:45PM
GE Science,GES  102 - Molecules | Life | and the Environment (Life Science),43014,Khoosheh Gosink,Science Hall 207,We 3:30PM - 6:20PM
GE Science,GES  105 - Introduction to Physical Science,42360,Chong Kim | Leila Abrous-Sasanka,Arts Building 240,TuTh 9:00AM - 10:15AM
GE Writing,GEW  101A - Writing as Critical Inquiry,44179,To be Announced,Academic Hall 406,MoWe 8:30AM - 10:20AM
Geography,GEOG  110 - Introduction to Physical Geography,44214,David Lulka,Academic Hall 302,MoWe 4:00PM - 5:15PM
Geography,GEOG  350 - Environmental Geography,43240,Elizabeth Ridder,Soc & Behavioral Sci Bldg1108G,Mo 8:30AM - 11:20AM
Geography,GEOG  460 - Food Systems and Emerging Markets,40661,Greig Guthey,Soc & Behavioral Sci Bldg1108G,Fr 8:30AM - 11:20AM
Global Business Management,GBM  425 - International Business Management,41750,Paola Ometto,Markstein Hall 105,MoWe 12:30PM - 2:20PM
Global Business Management,GBM  425 - International Business Management,43818,Mark Monahan,Markstein Hall 103,Th 5:00PM - 8:50PM
History,HIST  384 - Women and Gender in the Middle East,40694,Patrick Adamiak,University Hall 441,Mo 5:30PM - 8:20PM
History,HIST  538 - Advanced Seminar in United States History,40549,Suzanna Krivulskaya,Markstein Hall 202,We 5:30PM - 8:20PM
History,HIST  591 - Advanced Seminar in World History,43156,Kimber Quinney,Academic Hall 315,Mo 5:30PM - 8:20PM
History,HIST  601 - The Philosophy and Practice of History,40535,Darel Engen,Markstein Hall 213,Tu 5:30PM - 8:20PM
History,HIST  620 - Directed Capstone Research | Writing | and Production,43158,Alyssa Sepinwall,Markstein Hall 208,Th 5:30PM - 8:20PM
Human Development,HD  101 - Introduction to Human Development Across the Lifespan,43691,Kelsey Jones,University Hall 101,Mo 7:30AM - 10:20AM
Human Development,HD  101 - Introduction to Human Development Across the Lifespan,43692,Tracy Hall,Science Hall II 243,Mo 4:00PM - 6:50PM
Human Development,HD  102 - Preparatory Skills for Human Development Majors,40498,Kathy Fuller,Academic Hall 302,Tu 4:00PM - 6:50PM
Human Development,HD  170-1 - ST: First-Year Seminar in Human Development,44208,Russ Neuhart,Academic Hall 205,Mo 12:30PM - 3:20PM
Human Development,HD  305 - Administration in Human Service Settings,40504,Teru Toyokawa,University Hall 101,We 10:30AM - 1:20PM
Human Development,HD  360 - Effective Counseling Interventions Across the Lifespan,43697,Sabrina Liu,University Hall 101,Th 2:30PM - 5:20PM
Human Development,HD  381 - Youth Violence: A Cultural and Interdisciplinary Understanding,43699,Travis Blunt,Soc & Behavioral Sci Bldg 2109,Th 5:30PM - 8:20PM
Human Development,HD  382 - Anti-Racism | Social Justice | and Human Development,40506,Rafael Hernandez,University Hall 101,Fr 9:30AM - 12:20PM
Human Development,HD  382 - Anti-Racism | Social Justice | and Human Development,40507,Kelsey Jones,University Hall 101,Mo 10:30AM - 1:20PM
Kinesiology,KINE  202 - Introduction to Kinesiology,44176,To be Announced,University Hall 237,Mo 9:30AM - 12:20PM
Kinesiology,KINE  202 - Introduction to Kinesiology,44177,To be Announced,University Hall 270,Tu 9:00AM - 11:50AM
Kinesiology,KINE  301 - Motor Control and Learning,40449,Megan Paterson,Markstein Hall 102,MoWe 11:30AM - 12:45PM
Kinesiology,KINE  301 - Motor Control and Learning,40453,Jessica Rodriguez,Markstein Hall 208,TuTh 2:30PM - 3:45PM
Kinesiology,KINE  301 - Motor Control and Learning,40515,Tumay Tunur,Markstein Hall 102,TuTh 9:00AM - 10:15AM
Kinesiology,KINE  305 - Movement Anatomy,40458,Laura Dill,Markstein Hall 102,MoWe 9:30AM - 10:45AM
Kinesiology,KINE  305 - Movement Anatomy,40462,Laura Dill,Markstein Hall 102,TuTh 2:30PM - 3:45PM
Kinesiology,KINE  305 - Movement Anatomy,40519,Tony Ordas,Markstein Hall 208,TuTh 9:00AM - 10:15AM
Kinesiology,KINE  305 - Movement Anatomy,43033,To be Announced,Markstein Hall 102,MoWe 5:30PM - 6:45PM
Kinesiology,KINE  305 - Movement Anatomy,43034,To be Announced,University Hall 257,Mo 2:30PM - 5:20PM
Kinesiology,KINE  305 - Movement Anatomy,43035,To be Announced,University Hall 257,We 2:30PM - 5:20PM
Kinesiology,KINE  305 - Movement Anatomy,43036,To be Announced,University Hall 257,Th 4:00PM - 6:50PM
Kinesiology,KINE  326 - Introductory Exercise Physiology,40473,Anthony Pinzone,Markstein Hall 102,MoWe 7:30AM - 8:45AM
Kinesiology,KINE  326 - Introductory Exercise Physiology,40475,Anthony Pinzone,Academic Hall 113 - Kine Lab,We 9:30AM - 12:20PM
Kinesiology,KINE  326 - Introductory Exercise Physiology,40477,Sean Newcomer,Markstein Hall 102,TuTh 1:00PM - 2:15PM
Kinesiology,KINE  326 - Introductory Exercise Physiology,43037,Anthony Pinzone,Kellogg Library 1106,TuTh 10:30AM - 11:45AM
Kinesiology,KINE  390-11 - ST: Human Anatomy and Physiology Principles and Applications - I,40494,Devin Jindrich,Academic Hall 304,TuTh 1:00PM - 2:15PM
Kinesiology,KINE  390-11 - ST: Human Anatomy and Physiology Principles and Applications - I,40495,Megan Paterson,Extended Learning Building 475,Tu 9:00AM - 11:50AM
Kinesiology,KINE  390-11 - ST: Human Anatomy and Physiology Principles and Applications - I,40496,Jessica Rodriguez,Extended Learning Building 475,We 9:30AM - 12:20PM
Kinesiology,KINE  390-11 - ST: Human Anatomy and Physiology Principles and Applications - I,40497,Megan Paterson,Extended Learning Building 475,Th 9:00AM - 11:50AM
Kinesiology,KINE  390-12 - ST: Human Anatomy and Physiology Principles and Applications - II,43087,Devin Jindrich,Kellogg Library 1111,TuTh 10:30AM - 11:45AM
Kinesiology,KINE  390-12 - ST: Human Anatomy and Physiology Principles and Applications - II,43088,To be Announced,Extended Learning Building 475,Tu 1:00PM - 3:50PM
Kinesiology,KINE  390-12 - ST: Human Anatomy and Physiology Principles and Applications - II,43089,To be Announced,Extended Learning Building 475,We 12:30PM - 3:20PM
Kinesiology,KINE  390-12 - ST: Human Anatomy and Physiology Principles and Applications - II,43090,To be Announced,Extended Learning Building 475,Th 1:00PM - 3:50PM
Kinesiology,KINE  390-14 - ST: Motor Control in Special Populations,44101,Osmar Pinto Neto,University Hall 237,Fr 7:30AM - 10:20AM
Kinesiology,KINE  425 - Bio-Mechanics of Human Movement,40401,Audrey Lee,Markstein Hall 208,TuTh 1:00PM - 2:15PM
Kinesiology,KINE  425 - Bio-Mechanics of Human Movement,43055,Audrey Lee,Markstein Hall 102,MoWe 4:00PM - 5:15PM
Kinesiology,KINE  425 - Bio-Mechanics of Human Movement,43058,To be Announced,University Hall 260,Th 11:30AM - 2:20PM
Kinesiology,KINE  501 - Advanced Motor Control,43107,Brian Green,University Hall 270,Tu 4:00PM - 6:50PM
Kinesiology,KINE  501 - Advanced Motor Control,43109,Brian Green,University Hall 240,Th 4:00PM - 6:50PM
Kinesiology,KINE  502 - Research Methods,40273,Richard Armenta,Markstein Hall 310,TuTh 2:30PM - 3:45PM
Liberal Studies,LBST  100 - An Introduction to Critical Education,43798,Rachael McGlaston Espinoza,Soc & Behavioral Sci Bldg 1111,MoWe 5:30PM - 6:45PM
Liberal Studies,LBST  361 - The Social Construction of Science,43735,Rachael McGlaston Espinoza,Soc & Behavioral Sci Bldg 1105,We 11:30AM - 2:20PM
Linguistics,LING  300 - Linguistics in the Classroom,40711,Heidi Waltz,Science Hall II 243,We 5:30PM - 8:20PM
Linguistics,LING  321 - Introduction to Syntax,41470,Grant Muagututia,Soc & Behavioral Sci Bldg 1105,TuTh 10:30AM - 11:45AM
Literature & Writing Studies,LTWR  300B - Literary Theory and Criticism II,40727,Natalie Wilson,Soc & Behavioral Sci Bldg 1105,TuTh 9:00AM - 10:15AM
Literature & Writing Studies,LTWR  307 - Workshop in Writing Literary Analysis,40723,Cynthia Headley,Markstein Hall 303,MoWe 2:30PM - 3:45PM
Literature & Writing Studies,LTWR  425 - Creative Writing Workshop 2,40725,Francesco Levato,Markstein Hall 303,TuTh 4:00PM - 5:15PM
Literature & Writing Studies,LTWR  450 - Comparative American Ethnic Literature,42924,Natalie Wilson,Soc & Behavioral Sci Bldg 1111,TuTh 2:30PM - 3:45PM
Literature & Writing Studies,LTWR  545 - Advanced Creative Writing,42925,Francesco Levato,Markstein Hall 303,Th 5:30PM - 8:20PM
Literature & Writing Studies,LTWR  600 - Research and Critical Methodology,40550,Oliver Berghof,Academic Hall 407,Tu 4:00PM - 6:50PM
Literature & Writing Studies,LTWR  602B - Composition Practices,40536,Cynthia Headley,Markstein Hall 303,Mo 4:00PM - 6:50PM
Management,MGMT  302 - Foundations of Organizational Behavior,41800,Luciana Simion,Markstein Hall 125,Mo 6:30PM - 8:20PM
Management,MGMT  302 - Foundations of Organizational Behavior,43940,David Berry,Mt San Jacinto College 219,Fr 12:30PM - 2:20PM
Management,MGMT  305 - Organizational Behavior,41752,Kimberly McCarthy,Kellogg Library 5102,MoWe 10:30AM - 12:20PM
Management,MGMT  420 - Personnel Selection and Appraisal,41758,Vanessa Shum,Markstein Hall 103,MoWe 10:30AM - 12:20PM
Management,MGMT  422 - Training and Development,43820,Yasuko Shirakawa,Markstein Hall 105,Tu 7:00PM - 8:50PM
Management,MGMT  432 - In The Executive&#039;s Chair,41754,Rajnandini (Raj) Pillai | David Berry,Markstein Hall 125,Tu 10:00AM - 11:50AM
Management,MGMT  452 - Leadership in Organizations,41756,Jeffrey Kohles,Markstein Hall 105,TuTh 10:00AM - 11:50AM
Management,MGMT  452 - Leadership in Organizations,41853,Jeffrey Kohles,Markstein Hall 105,TuTh 1:00PM - 2:50PM
Management,MGMT  461 - Management in Different Cultures,41820,Luciana Simion,Markstein Hall 103,MoWe 2:30PM - 4:20PM
Management,MGMT  461 - Management in Different Cultures,41821,Mark Monahan,Markstein Hall 105,MoWe 8:30AM - 10:20AM
Management,MGMT  604 - Organizational Behavior and Human Resource Management,43244,Emily Tarr | Quynh Pham,Markstein Hall 104,TuTh 5:30PM - 8:15PM
Management,MGMT  606 - Managing the Sustainable Enterprise,43331,To be Announced | Catalin Ratiu,Markstein Hall 104 | Markstein Hall 208,Th 5:30PM - 8:15PM | Tu 5:30PM - 8:15PM | TuTh 5:30PM - 8:15PM
Management Information Sys,MIS  302 - Foundations of Management Information Systems,41840,Blair Baker,Markstein Hall 304,Tu 8:00AM - 9:50AM
Management Information Sys,MIS  302 - Foundations of Management Information Systems,41861,Pari Sebt,Markstein Hall 304,Fr 8:30AM - 10:20AM
Management Information Sys,MIS  302 - Foundations of Management Information Systems,43726,To be Announced,Mt San Jacinto College 219,We 4:30PM - 6:20PM
Management Information Sys,MIS  304 - Principles of Management Information Systems,41843,Fang Fang,Markstein Hall 304,TuTh 10:00AM - 11:50AM
Management Information Sys,MIS  304 - Principles of Management Information Systems,43079,Yubo Fu,Kellogg Library 5102,MoWe 2:30PM - 4:20PM
Marketing,MKTG  305 - Principles of Marketing,41806,Rebeca Perren,Markstein Hall 202,MoWe 12:30PM - 2:20PM
Marketing,MKTG  305 - Principles of Marketing,42841,Abigail Nappier Cherup,Markstein Hall 202,TuTh 1:00PM - 2:50PM
Marketing,MKTG  442 - Marketing Research,43096,Angela Yi,Markstein Hall 306,TuTh 1:00PM - 2:50PM
Marketing,MKTG  458 - Marketing Analytics,41812,To be Announced,Kellogg Library 5102,TuTh 5:00PM - 6:50PM
Marketing,MKTG  462A - Marketing Internship A,41868,Carolina Rodriguez,Markstein Hall 306,Fr 8:30AM - 10:20AM
Marketing,MKTG  462B - Marketing Internship B,41867,Carolina Rodriguez,Markstein Hall 306,Fr 8:30AM - 10:20AM
Marketing,MKTG  602 - Marketing Management,43329,Marcus Wardley,Markstein Hall 104,TuTh 5:30PM - 8:15PM
Mathematics,MATH  100 - Mathematical Ideas,42379,Mary Ann De Guzman,Markstein Hall 106,MoWeFr 9:30AM - 10:20AM
Mathematics,MATH  100 - Mathematical Ideas,42489,Mary Ann De Guzman,Markstein Hall 106,MoWeFr 10:30AM - 11:20AM
Mathematics,MATH  100 - Mathematical Ideas,42490,Jayson Wiestling,Markstein Hall 106,MoWeFr 11:30AM - 12:20PM
Mathematics,MATH  100 - Mathematical Ideas,42753,Hanson Smith,Markstein Hall 106,TuTh 9:00AM - 10:15AM
Mathematics,MATH  105 - Supported College Algebra,40017,Fernando Manuel Diego Jordan,Academic Hall 405 | Academic Hall 411A,WeFr 9:30AM - 10:20AM | MoWeFr 7:30AM - 8:20AM
Mathematics,MATH  105 - Supported College Algebra,42874,Tracey Cook,University Hall 440 | University Hall 439,WeFr 8:30AM - 9:20AM | MoWeFr 7:30AM - 8:20AM
Mathematics,MATH  105 - Supported College Algebra,42875,Tracey Cook,University Hall 440 | University Hall 439*,WeFr 9:30AM - 10:20AM | MoWeFr 7:30AM - 8:20AM
Mathematics,MATH  105 - Supported College Algebra,40031,Antonio Rodriguez Ramos,University Hall 271 | University Hall 439*,WeFr 10:30AM - 11:20AM | MoWeFr 8:30AM - 9:20AM
Mathematics,MATH  105 - Supported College Algebra,40040,To be Announced,University Hall 440 | University Hall 439,WeFr 2:30PM - 3:20PM | MoWeFr 1:30PM - 2:20PM
Mathematics,MATH  105 - Supported College Algebra,42876,Isabelle Stepler,Markstein Hall 310 | Markstein Hall 210,WeFr 8:30AM - 9:20AM | MoWeFr 7:30AM - 8:20AM
Mathematics,MATH  105 - Supported College Algebra,40045,To be Announced,Markstein Hall 310 | Markstein Hall 210,WeFr 11:30AM - 12:20PM | MoWeFr 9:30AM - 10:20AM
Mathematics,MATH  105 - Supported College Algebra,44164,Branndon Mariscal,Academic Hall 209 | Kellogg Library 1104,WeFr 9:30AM - 10:20AM | MoWeFr 8:30AM - 9:20AM
Mathematics,MATH  115 - College Algebra,44163,To be Announced,Markstein Hall 210,TuTh 2:30PM - 3:45PM
Mathematics,MATH  125 - Pre-Calculus,42545,Bhavisha Talsania,Academic Hall 305,TuTh 2:30PM - 3:45PM
Mathematics,MATH  125 - Pre-Calculus,42547,Bhavisha Talsania,Academic Hall 406,Tu 5:00PM - 5:50PM
Mathematics,MATH  125 - Pre-Calculus,42575,Min Young Hong,Academic Hall 305,TuTh 4:00PM - 5:15PM
Mathematics,MATH  125 - Pre-Calculus,42576,Min Young Hong,Academic Hall 406,Tu 2:00PM - 2:50PM
Mathematics,MATH  125 - Pre-Calculus,42758,Alicia Pena,Academic Hall 406,Th 3:00PM - 3:50PM
Mathematics,MATH  132 - Survey of Calculus,42584,Hien Nguyen,Academic Hall 319,MoWe 4:00PM - 5:15PM
Mathematics,MATH  132 - Survey of Calculus,42746,Olaf Hansen,Academic Hall 319,TuTh 1:00PM - 2:15PM
Mathematics,MATH  132 - Survey of Calculus,42748,To be Announced,Academic Hall 319,TuTh 4:00PM - 5:15PM
Mathematics,MATH  132 - Survey of Calculus,42749,Min Young Hong,Academic Hall 319,TuTh 5:30PM - 6:45PM
Mathematics,MATH  150 - Calculus for the Life Sciences,42962,Iryna Razhkova,University Hall 439,TuTh 1:00PM - 2:15PM
Mathematics,MATH  150 - Calculus for the Life Sciences,42966,Iryna Razhkova,University Hall 439,TuTh 2:30PM - 3:45PM
Mathematics,MATH  160 - Calculus with Applications | I,42373,Heydar Zahedani,Academic Hall 305,MoWeFr 9:30AM - 10:20AM
Mathematics,MATH  160 - Calculus with Applications | I,42376,Heydar Zahedani,Academic Hall 406,Fr 12:30PM - 2:20PM
Mathematics,MATH  160W - Calculus with Applications I Workshop,42767,To be Announced,Academic Hall 406,We 10:30AM - 12:20PM
Mathematics,MATH  160W - Calculus with Applications I Workshop,42992,To be Announced,Academic Hall 406,Th 10:00AM - 11:50AM
Mathematics,MATH  162 - Calculus with Applications | II,42549,Fazel Hadadifard,Academic Hall 404,Mo 8:30AM - 10:20AM
Mathematics,MATH  162 - Calculus with Applications | II,42564,Fazel Hadadifard,Academic Hall 404,We 8:30AM - 10:20AM
Mathematics,MATH  162 - Calculus with Applications | II,42550,Mary Ann De Guzman,Academic Hall 404,Mo 4:30PM - 6:20PM
Mathematics,MATH  162 - Calculus with Applications | II,42563,Mary Ann De Guzman,Academic Hall 404,We 4:30PM - 6:20PM
Mathematics,MATH  162 - Calculus with Applications | II,42442,Jason Swalwell,Academic Hall 404,Tu 8:00AM - 9:50AM
Mathematics,MATH  162 - Calculus with Applications | II,42443,Jason Swalwell,Academic Hall 404,Th 8:00AM - 9:50AM
Mathematics,MATH  185-3 - ST: How to be a Mathematician,42954,Shahed Sharif,Commons 206,TuTh 2:30PM - 3:45PM
Mathematics,MATH  200 - Mathematical Statistics for Nursing,42392,Shelly Ruderman,Academic Hall 319,MoWe 5:30PM - 6:45PM
Mathematics,MATH  212 - Mathematics for K-8 Teachers II: Geometry | Measurement | and Reasoning,42366,Karen Kinnison,Markstein Hall 210,TuTh 9:00AM - 10:15AM
Mathematics,MATH  242 - Introduction to Statistics,42974,Joshua Lovelace,Markstein Hall 210,MoWe 5:30PM - 6:45PM
Mathematics,MATH  242 - Introduction to Statistics,42562,David Chien,University Hall 439,TuTh 9:00AM - 10:15AM
Mathematics,MATH  260A - Multivariable Integration,42764,Sixian Jin,Academic Hall 404,Tu 3:00PM - 4:50PM
Mathematics,MATH  270 - Basic Discrete Mathematics,42751,Jason Swalwell,Markstein Hall 106,MoWeFr 12:30PM - 1:20PM
Mathematics,MATH  270 - Basic Discrete Mathematics,42752,Jason Swalwell,Markstein Hall 106,MoWeFr 1:30PM - 2:20PM
Mathematics,MATH  311 - Mathematics for K-8 Teachers III: Algebra | Probability | Statistics | and Data Analysis,42509,Mohamed El-Ansary,Academic Hall 305,Fr 12:30PM - 3:20PM
Mathematics,MATH  330 - Introduction to the History of Mathematics,42367,Andre Kundgen,Markstein Hall 106,MoWe 5:30PM - 6:45PM
Mathematics,MATH  342 - Probability and Statistics for Engineers and Scientists,42731,David Chien,Markstein Hall 210,TuTh 1:00PM - 2:15PM
Mathematics,MATH  346 - Mathematical Methods for Engineering and Physics,44038,Shahed Sharif,University Hall 439,TuTh 5:30PM - 6:45PM
Mathematics,MATH  378 - Number Systems,42394,Kimberly Ayers,Markstein Hall 106,TuTh 1:00PM - 2:15PM
Mathematics,MATH  430 - Foundations of Analysis,42395,Mike Picollelli,Commons 206,MoWe 4:00PM - 5:15PM
Mathematics,MATH  441 - Introduction to Probability,42445,Olaf Hansen,Commons 206,TuTh 10:30AM - 11:45AM
Mathematics,MATH  442 - Introduction to Mathematical Statistics,42958,David Chien,Academic Hall 411A,TuTh 10:30AM - 11:45AM
Mathematics,MATH  464 - Numerical Analysis and Computing,42952,Olaf Hansen,Commons 206,TuTh 9:00AM - 10:15AM
Mathematics,MATH  470 - Introduction to Abstract Algebra,42396,Hanson Smith,Commons 206,TuTh 4:00PM - 5:15PM
Mathematics,MATH  472 - Introduction to Graph Theory,42950,Andre Kundgen,Commons 206,MoWe 2:30PM - 3:45PM
Mathematics,MATH  520 - Algebra,42955,Hanson Smith,Commons 206,TuTh 5:30PM - 6:45PM
Mathematics,MATH  570 - Introduction to Stochastic Processes,42951,Amber Puha,Commons 206,MoWe 5:30PM - 6:45PM
Media Studies,MDIA  301 - Media Theory,40735,Joonseong Lee,Academic Hall 408,MoWe 5:30PM - 6:45PM
Media Studies,MDIA  303 - Histories of Media Technologies,41592,Matthew Dewey,Kellogg Library 1111,TuTh 5:30PM - 6:45PM
Media Studies,MDIA  304 - Global Media,40736,Cecilia Uy-Tioco,University Hall 443,We 4:00PM - 6:50PM
Media Studies,MDIA  366 - Mobile Media Cultures,43711,Cecilia Uy-Tioco,Academic Hall 301,Tu 2:30PM - 5:20PM
Media Studies,MDIA  462 - Media and Politics,41500,Matthew Dewey,Academic Hall 301,Th 2:30PM - 5:20PM
Military Science,MILS   96 - Military Science Leadership Lab,41818,Mitchell Curtis,OFF CAMPUS,Th 6:30AM - 9:30AM
Military Science,MILS  101 - Introduction to Leadership I,41772,Mitchell Curtis,Markstein Hall 307,Tu 6:30AM - 8:50AM
Military Science,MILS  201 - Foundations of Leadership I,41773,Mitchell Curtis,University Hall 271,We 4:00PM - 6:50PM
Military Science,MILS  301 - Military Decision-Making Process,41774,Mitchell Curtis,Markstein Hall 309,Tu 6:30AM - 8:50AM
Military Science,MILS  401 - Developmental Leadership,41775,Mitchell Curtis,OFF CAMPUS,Tu 6:30AM - 8:50AM
Music,MUSC  146 - Intermediate Piano,41222,Dana Burnett,ACD 104 - Piano Music Lab,TuTh 10:30AM - 11:45AM
Music,MUSC  194 - University Choir,43931,Aaron Humble,Arts Building 111,TuTh 4:00PM - 5:15PM
Music,MUSC  197 - University Symphonic Band,43932,Eric Weirather,Arts Building 111,We 5:30PM - 8:20PM
Music,MUSC  201 - Music Theory III,40752,Seth Shafer,ACD 104 - Piano Music Lab,MoWeFr 10:00AM - 10:50AM
Music,MUSC  210 - Introduction to Music Technology,41345,Seth Shafer,ACD 104 - Piano Music Lab,MoWeFr 11:00AM - 11:50AM
Music,MUSC  306 - Studio Composition,44004,Mtafiti Imara,ACD 104 - Piano Music Lab,MoWe 4:00PM - 5:15PM
Music,MUSC  311 - Advanced Recording Techniques,43895,Seth Shafer,ACD 104 - Piano Music Lab,MoWe 1:30PM - 2:20PM
Music,MUSC  311 - Advanced Recording Techniques,43955,Seth Shafer,Arts Building 177,MoWe 2:30PM - 3:20PM
Music,MUSC  350 - Learning Through the Arts: Music | Theater | Visual Arts,43896,Zack King,Arts Building 111,We 8:30AM - 11:20AM
Music,MUSC  394 - University Choir,43898,Aaron Humble,Arts Building 111,TuTh 4:00PM - 5:15PM
Music,MUSC  397 - University Symphonic Band,43899,Eric Weirather,Arts Building 111,We 5:30PM - 8:20PM
Nursing,NURS  200 - Introduction to Nursing Practice,40341,Heather Mallon,University Hall 100,Mo 8:00AM - 11:50AM
Nursing,NURS  204 - Introduction to Professionalism in Nursing Practice,40512,Joanna Lynch,University Hall 100,Mo 12:30PM - 2:20PM
Nursing,NURS  210 - Nursing Communication and Assessment,40348,Joanna Lynch,University Hall 100,Mo 2:30PM - 4:20PM
Nursing,NURS  212B - Pathophysiology and Pharmacology of Nursing Practice II,40349,Samira Caballero,University Hall 100,We 8:00AM - 9:50AM
Nursing,NURS  222 - Nursing Care of Adults II,40350,Judy Ruvalcaba,University Hall 100,We 10:00AM - 11:50AM
Nursing,NURS  370 - Health Promotion and Patient Education Strategies,40361,Ann Marie Uetz,University Hall 100,We 12:30PM - 2:20PM
Nursing,NURS  504 - Advanced Pathophysiology,42843,To be Announced,University Hall 100,Tu 9:00AM - 11:50AM
Nursing,NURS  710 - Introduction to Advanced Nursing Roles,42883,To be Announced,University Hall 100 | UNIV 343 - Nursing Exclusive U | Asynchronous Virtual Instr,Fr 3:30PM - 5:20PM | FrSa 12:00AM - 12:00AM
Nursing,NURS  712 - Leadership and Healthcare Organizational Change,42844,To be Announced,University Hall 100 | UNIV 343 - Nursing Exclusive U | Asynchronous Virtual Instr,Sa 1:00PM - 3:20PM | Fr 9:00AM - 12:20PM | FrSa 12:00AM - 12:00AM
Nursing,NURS  714 - Evidence Based Inquiry,42880,To be Announced,University Hall 100 | UNIV 343 - Nursing Exclusive U | Asynchronous Virtual Instr,Sa 9:00AM - 12:20PM | Fr 1:00PM - 3:20PM | FrSa 12:00AM - 12:00AM
Operations Management,OM  302 - Foundations of Operations Management,41768,Robert Showghi,Academic Hall 102,Mo 6:30PM - 8:20PM
Operations Management,OM  302 - Foundations of Operations Management,41771,Hedayat Alibeiki | Matthew Tasooji,Academic Hall 102,We 2:30PM - 4:20PM
Operations Management,OM  302 - Foundations of Operations Management,41807,Hedayat Alibeiki,Academic Hall 102,We 4:30PM - 6:20PM
Operations Management,OM  302 - Foundations of Operations Management,43728,To be Announced,Mt San Jacinto College 219,Fr 10:30AM - 12:20PM
Operations Management,OM  305 - Operations Management,41767,Bahar Viniche,Markstein Hall 305,TuTh 1:00PM - 2:50PM
Operations Management,OM  602 - Operations and Supply Chain Management Essentials,43330,Hedayat Alibeiki | Matthew Tasooji,Markstein Hall 104,MoWe 5:30PM - 8:15PM
Physics,PHYS  100 - Introduction to Being a Physicist,42518,Stephen Tsui,Science Hall II 202,We 9:30AM - 10:20AM
Physics,PHYS  101 - Introduction to Physics I,42436,To be Announced,Science Hall II 245,Th 7:30AM - 10:20AM
Physics,PHYS  101 - Introduction to Physics I,43476,Suzanne Montgomery,Mtg Time/Place To Be Determine,Mo 5:30PM - 8:20PM
Physics,PHYS  101 - Introduction to Physics I,43477,To be Announced,Mtg Time/Place To Be Determine,Th 5:30PM - 8:20PM
Physics,PHYS  102 - Introduction to Physics II,42398,Chong Kim,Science Hall II 242,TuTh 10:30AM - 11:45AM
Physics,PHYS  102 - Introduction to Physics II,42432,Suzanne Montgomery,Science Hall II 245,Tu 1:00PM - 3:50PM
Physics,PHYS  201 - Physics of Mechanics and Sound,42410,Edward Price | Stephen Tsui,Science Hall II 242,MoWeFr 12:30PM - 1:20PM
Physics,PHYS  202 - Physics of Electromagnetism and Optics,42399,Suzanne Montgomery,Science Hall II 242,MoWeFr 8:30AM - 9:20AM
Physics,PHYS  202 - Physics of Electromagnetism and Optics,42429,Michael Burin,Science Hall II 245,Mo 11:30AM - 2:20PM
Physics,PHYS  270 - Introduction to Computational Physics,42725,Jim Means,Synchronous Virtual Instr,Mo 5:30PM - 7:20PM
Physics,PHYS  270 - Introduction to Computational Physics,42766,Jim Means,Science Hall II 202,We 5:30PM - 7:20PM
Physics,PHYS  323 - Quantum Physics,42402,Justin Perron,Science Hall II 251,TuTh 1:00PM - 2:15PM
Physics,PHYS  422 - Applied Solid State Physics,42428,Stephen Tsui,Science Hall II 251,MoWe 4:00PM - 5:15PM
Physics,PHYS  442 - Physical and Geometric Optics,43018,Suzanne Montgomery,Science Hall II 251,Tu 10:00AM - 11:50AM
Physics,PHYS  442 - Physical and Geometric Optics,43958,Suzanne Montgomery,Science Hall II 251,Th 10:00AM - 11:50AM
Political Science,PSCI  350 - Global Governance,40800,Roni Kay O'Dell,Academic Hall 308,MoWeFr 8:30AM - 9:20AM
Psychology,PSYC  100 - Introduction to Psychology,44160,Carrick Williams,Soc & Behavioral Sci Bldg 3127,We 2:30PM - 5:20PM
Psychology,PSYC  230 - Research Methods in Psychology,40874,Ruben Hernandez,Soc & Behavioral Sci Bldg 1101,Mo 5:30PM - 7:20PM
Psychology,PSYC  230 - Research Methods in Psychology,40875,Ruben Hernandez,Soc & Behavioral Sci Bldg 1101,We 5:30PM - 8:20PM
Psychology,PSYC  231 - Psychology Research Methods Laboratory,41135,Michelle Vogel Trautt,Soc & Behavioral Sci Bldg 1206,We 9:30AM - 12:20PM
Psychology,PSYC  231 - Psychology Research Methods Laboratory,41414,Holly Gilzow,Soc & Behavioral Sci Bldg 2107,Fr 8:30AM - 11:20AM
Psychology,PSYC  328 - Developmental Psychopathology,41352,Lisa Taylor,Soc & Behavioral Sci Bldg 1101,Fr 8:30AM - 11:20AM
Psychology,PSYC  328 - Developmental Psychopathology,43175,Lisa Taylor,Soc & Behavioral Sci Bldg 2107,Fr 11:30AM - 2:20PM
Psychology,PSYC  331 - Infancy and Childhood: Theories and Research Study,40882,Janice Phung,Academic Hall 411B,Mo 8:30AM - 11:20AM
Psychology,PSYC  331 - Infancy and Childhood: Theories and Research Study,40911,Janice Phung,Academic Hall 205,We 8:30AM - 11:20AM
Psychology,PSYC  331 - Infancy and Childhood: Theories and Research Study,41353,Heather Jaffe,Soc & Behavioral Sci Bldg 1111,Mo 8:30AM - 11:20AM
Psychology,PSYC  332 - Social Psychology,41574,Jarryd Willis,Academic Hall 411B,Th 5:30PM - 8:20PM
Psychology,PSYC  346 - Principles of Behavior Change,43182,Kathie Sweeten,Kellogg Library 1111,Mo 7:30AM - 10:20AM
Psychology,PSYC  348 - Developmental Psychology: Adolescence,40852,Barbara Mcpherson,Soc & Behavioral Sci Bldg 1101,TuTh 7:30AM - 8:45AM
Psychology,PSYC  349 - Adolescence: Theories and Research,41357,Heather Jaffe,Academic Hall 411B,Fr 9:30AM - 12:20PM
Psychology,PSYC  393 - Laboratory in Cognitive Psychology,40833,Evan Raiewski,Soc & Behavioral Sci Bldg 2107,Th 9:00AM - 11:50AM
Psychology,PSYC  396 - Laboratory in Social Psychology,44125,Raymond Hoy,Soc & Behavioral Sci Bldg 1206,Th 4:00PM - 6:50PM
Psychology,PSYC  402 - Psychological Testing,40825,Lisa Graves Aragon,Soc & Behavioral Sci Bldg 3127,TuTh 8:00AM - 9:50AM
Psychology,PSYC  402 - Psychological Testing,40826,Lisa Graves Aragon,Soc & Behavioral Sci Bldg 3127,TuTh 10:00AM - 11:50AM
Psychology,PSYC  402 - Psychological Testing,40918,Arianna Zabriskie,Soc & Behavioral Sci Bldg 1101,MoWe 3:30PM - 5:20PM
Psychology,PSYC  424 - Advanced Psychological Statistics,41363,Alex Huynh,Soc & Behavioral Sci Bldg 2107,Mo 9:30AM - 11:20AM
Psychology,PSYC  424 - Advanced Psychological Statistics,41364,Alex Huynh,Soc & Behavioral Sci Bldg 2107,We 9:30AM - 11:20AM
Psychology,PSYC  554 - Proseminar in Cognitive Psychology,42842,Lisa Graves Aragon,Soc & Behavioral Sci Bldg 4119,TuTh 1:00PM - 2:15PM
Psychology,PSYC  560-1 - ST: Evolution and Human Behavior,43961,Nancy Caine,University Hall 271,TuTh 1:00PM - 2:15PM
Psychology,PSYC  600 - Contemporary Issues in Psychology,40531,Alex Huynh,Soc & Behavioral Sci Bldg 4119,Th 9:00AM - 11:50AM
Psychology,PSYC  680 - Teaching of Psychology,40532,Carrick Williams,Soc & Behavioral Sci Bldg 4119,We 12:30PM - 3:20PM
Public Health,PH  101 - Introduction to Public Health,40492,Said Gonzalez,University Hall 101,We 5:30PM - 8:20PM
Public Health,PH  101 - Introduction to Public Health,43108,Linda Puebla,University Hall 440,Mo 5:30PM - 8:20PM
Public Health,PH  101 - Introduction to Public Health,43110,To be Announced,University Hall 271,Mo 12:30PM - 3:20PM
Public Health,PH  303 - Social | Behavioral | and Community Health,43061,To be Announced,University Hall 101,Mo 5:30PM - 8:20PM
Sociology,SOC  320 - Sociological Theory,43150,Christopher Hardnack,Academic Hall 408,TuTh 9:00AM - 10:50AM
Sociology,SOC  360 - Quantitative Research Methods,43157,Jonelle Myers,Science Hall II 302,TuTh 8:00AM - 9:50AM
Sociology,SOC  500 - Pro-Seminar in Sociological Practice,40555,Sheri-Lynn Kurisu,Soc & Behavioral Sci Bldg 4119,We 5:30PM - 7:20PM
Sociology,SOC  618 - Seminar in Critical Criminology,43159,Lori Walkington,Markstein Hall 309,We 5:30PM - 7:20PM
Software Engineering,SE  370 - Introduction to Software Engineering,42437,Yang Yue,Viasat Engineering Pav 5107,MoWe 1:30PM - 2:20PM
Software Engineering,SE  370 - Introduction to Software Engineering,42439,Yang Yue,Viasat Engineering Pav 5107,MoWe 4:00PM - 5:15PM
Software Engineering,SE  451 - Software Requirements and Design,42438,Yongjie Zheng,Academic Hall 408,TuTh 1:00PM - 2:15PM
Software Engineering,SE  481 - Software Project Planning and Management,42440,Yongjie Zheng,ACD 204,TuTh 10:30AM - 11:45AM
Software Engineering,SE  490 - Senior Project I,42768,Simon Fan,ACD 204,MoWe 12:30PM - 1:20PM
Software Engineering,SE  490 - Senior Project I,42769,Simon Fan,ACD 204,MoWe 2:30PM - 3:45PM
Spanish,SPAN  102 - Beginning Spanish II,40985,Virginia Arreola,University Hall 273,TuTh 5:30PM - 6:45PM
Spanish,SPAN  315 - Reading and Analysis of Hispanic Literary Texts,41051,Cynthia Melendrez,Markstein Hall 209,MoWe 2:30PM - 3:45PM
Spanish,SPAN  400C - Hispanic Theatre,43879,Darci Strother,University Hall 440,Th 4:00PM - 6:50PM
Spanish,SPAN  520 - Theory and Practice of Literary Criticism in Spanish,43880,Leonardo Silva,University Hall 273,We 4:00PM - 6:50PM
Spanish,SPAN  602 - Seminar in Applied Linguistics,43881,Michelle Ramos Pellicia,Markstein Hall 211,Mo 4:00PM - 6:50PM
Theatre Arts,TA  124 - Global Theatre Histories I,43823,Judy Bauerlein,Arts Building 101,TuTh 1:00PM - 2:15PM
Theatre Arts,TA  401 - Playwriting,41511,France-Luce Benson,Arts Building 101,Th 4:00PM - 6:50PM
Theatre Arts,TA  402 - Acting Studio,44007,France-Luce Benson,Arts Building 101,Tu 4:00PM - 5:50PM
Theatre Arts,TA  402 - Acting Studio,44008,France-Luce Benson,Arts Building 101,Tu 6:00PM - 6:50PM
Theatre Arts,TA  489B - Production and Performance,41373,Jason Heil,Arts Building 101,TuTh 7:00PM - 9:50PM
Theatre Arts,TA  498 - Independent Practicum,41372,Matthew Novotny,Arts Building 101,Sa 10:00AM - 10:50AM
University-Wide Gen Studies,UNIV  180-5B - ST: The First-Year Seminar,43748,Nancy diBenedetto,Arts Building 220,TuTh 8:00AM - 8:50AM
University-Wide Gen Studies,UNIV  180-5B - ST: The First-Year Seminar,43983,Golnaz Nanbakhsh,Academic Hall 302,Mo 9:30AM - 11:20AM
University-Wide Gen Studies,UNIV  180-5B - ST: The First-Year Seminar,43984,Golnaz Nanbakhsh,Academic Hall 302,We 9:30AM - 11:20AM
University-Wide Gen Studies,UNIV  180-5C - ST: The First-Year Seminar,43201,Mireya Gutierrez-Aguero,Academic Hall 310,TuTh 5:30PM - 6:45PM
University-Wide Gen Studies,UNIV  180-5C - ST: The First-Year Seminar,43212,Joshua Foronda,Extended Learning Building 304,TuTh 7:30AM - 8:45AM
University-Wide Gen Studies,UNIV  180-5C - ST: The First-Year Seminar,43218,Juan Carlos Reyna,Extended Learning Building 304,TuTh 5:30PM - 6:45PM
University-Wide Gen Studies,UNIV  180-5C - ST: The First-Year Seminar,43223,Ozzie Monge,Arts Building 220,TuTh 5:30PM - 6:45PM
University-Wide Gen Studies,UNIV  180-5C - ST: The First-Year Seminar,43205,Stephanie Williams,Extended Learning Building 304,MoWeFr 10:30AM - 11:20AM
University-Wide Gen Studies,UNIV  180-5C - ST: The First-Year Seminar,43220,Nancy diBenedetto,Arts Building 220,TuTh 10:30AM - 11:45AM
University-Wide Gen Studies,UNIV  180-5C - ST: The First-Year Seminar,43225,Ozzie Monge,Arts Building 220,TuTh 4:00PM - 5:15PM
University-Wide Gen Studies,UNIV  300A - McNair Scholars Learning Community,42815,To be Announced,Kellogg Library 1109 - MathLab,Tu 8:00PM - 8:50PM
